CP,,,402,,,IP,,,TH,,,MANSMT,,,CPEXP,,,CP 5%,,,,,,
,,,,,,,,,,,,,,,,,,IP 2%,,,,,,
# NUMBER OF PARTS,EXTRAS,,# NUMBER OF PARTS,EXTRAS,,# NUMBER OF PARTS,EXTRAS,,# NUMBER OF PARTS,EXTRAS,,# NUMBER OF PARTS,EXTRAS,,# NUMBER OF PARTS,EXTRAS,,CPEXP 3%,,,,,,
1,20,,1,50,,1,1,,1,1,,1,1,,1,2,,0402 5%,,,,,,
60,30,,60,60,,10,1,,10,1,,10,1,,10,3,,MANSMT 3%,,,,,,
100,35,,100,70,,20,2,,20,2,,20,2,,25,5,,TH 2%,,,,,,
200,40,,200,80,,50,5,,50,5,,50,5,,50,6,,,,,,,,
300,50,,300,100,,100,10,,100,5,,100,10,,100,10,,,,,,,,
500,60,,500,120,,250,20,,250,20,,250,20,,150,12,,,,,,,,
800,80,,800,160,,500,25,,500,25,,500,25,,200,15,,,,,,,,
1000,100,,1000,200,,1000,30,,1000,30,,1000,30,,250,20,,,,,,,,
2000,200,,2000,400,,2000,35,,2000,35,,2000,35,,300,25,,,,,,,,
3000,300,,3000,600,,3000,40,,3000,40,,3000,40,,350,30,,,,,,,,
4000,400,,4000,800,,4000,45,,4000,45,,4000,45,,400,35,,,,,,,,
5000,500,,5000,1000,,5000,50,,5000,50,,5000,50,,450,40,,,,,,,,
6000,600,,6000,1200,,6000,55,,6000,55,,6000,55,,500,45,,,,,,,,
7000,700,,7000,1400,,7000,60,,7000,60,,7000,60,,550,50,,,smt,th,,,,
8000,800,,8000,1600,,8000,65,,8000,65,,8000,65,,600,55,,,0201,th,,,,
9000,900,,9000,1800,,9000,70,,9000,70,,9000,70,,650,60,,,0402,,,,,
10000,1000,,10000,2000,,10000,75,,10000,75,,10000,75,,700,65,,,cp,,,,,
11000,1100,,11000,2200,,11000,80,,11000,80,,11000,80,,750,70,,,cpexp,,,,,
12000,1200,,12000,2400,,12000,85,,12000,85,,12000,85,,800,75,,,ip,,,,,
13000,1300,,13000,2600,,13000,90,,13000,90,,13000,90,,850,80,,,mansmt,,,,,
14000,1400,,14000,2800,,14000,95,,14000,95,,14000,95,,900,85,,,,,,,,
15000,1500,,15000,3000,,15000,100,,15000,100,,15000,100,,950,90,,,,,,,,
16000,1600,,16000,3200,,16000,105,,16000,105,,16000,105,,1000,95,,,,,,,,
17000,1700,,17000,3400,,17000,110,,17000,110,,17000,110,,1050,100,,,,,,,,
18000,1800,,18000,3600,,18000,115,,18000,115,,18000,115,,1100,105,,,,,,,,
19000,1900,,19000,3800,,19000,120,,19000,120,,19000,120,,1150,110,,,,,,,,
20000,2000,,20000,4000,,20000,125,,20000,125,,20000,125,,1200,115,,,,,From,To,%,Ext
21000,2100,,21000,4200,,21000,130,,21000,130,,21000,130,,1250,120,,,,cp,1,100,10%,10
22000,2200,,22000,4400,,22000,135,,22000,135,,22000,135,,1300,125,,,,,101,1000,7%,10
23000,2300,,23000,4600,,23000,140,,23000,140,,23000,140,,1350,130,,,,,1001,10000,5%,10
24000,2400,,24000,4800,,24000,145,,24000,145,,24000,145,,1400,135,,,,,,,,
25000,2500,,25000,5000,,25000,150,,25000,150,,25000,150,,1450,140,,,,,,,,
26000,2600,,26000,5200,,26000,155,,26000,155,,26000,155,,1500,145,,,,,,,,
27000,2700,,27000,5400,,27000,160,,27000,160,,27000,160,,1550,150,,,,,,,,
28000,2800,,28000,5600,,28000,165,,28000,165,,28000,165,,1600,155,,,,,,,80,18
29000,2900,,29000,5800,,29000,170,,29000,170,,29000,170,,1650,160,,,,,,,,
30000,3000,,30000,6000,,30000,175,,30000,175,,30000,175,,1700,165,,,,,,,,
31000,3100,,31000,6200,,31000,180,,31000,180,,31000,180,,1750,170,,,,,,,,
32000,3200,,32000,6400,,32000,185,,32000,185,,32000,185,,1800,175,,,,,,,,
33000,3300,,33000,6600,,33000,190,,33000,190,,33000,190,,1850,180,,,,,,,,
34000,3400,,34000,6800,,34000,195,,34000,195,,34000,195,,1900,185,,,,,,,,
35000,3500,,35000,7000,,35000,200,,35000,200,,35000,200,,1950,190,,,,,,,,
36000,3600,,36000,7200,,36000,205,,36000,205,,36000,205,,2000,195,,,,,,,,
37000,3700,,37000,7400,,37000,210,,37000,210,,37000,210,,2050,200,,,,,,,,
38000,3800,,38000,7600,,38000,215,,38000,215,,38000,215,,2100,205,,,,,,,,
39000,3900,,39000,7800,,39000,220,,39000,220,,39000,220,,2150,210,,,,,,,,
40000,4000,,40000,8000,,40000,225,,40000,225,,40000,225,,2200,215,,,,,,,,
41000,4100,,41000,8200,,41000,230,,41000,230,,41000,230,,2250,220,,,,,,,,
42000,4200,,42000,8400,,42000,235,,42000,235,,42000,235,,2300,225,,,,,,,,
43000,4300,,43000,8600,,43000,240,,43000,240,,43000,240,,2350,230,,,,,,,,
44000,4400,,44000,8800,,44000,245,,44000,245,,44000,245,,2400,235,,,,,,,,
45000,4500,,45000,9000,,45000,250,,45000,250,,45000,250,,2450,240,,,,,,,,
46000,4600,,46000,9200,,46000,255,,46000,255,,46000,255,,2500,245,,,,,,,,
47000,4700,,47000,9400,,47000,260,,47000,260,,47000,260,,2550,250,,,,,,,,
48000,4800,,48000,9600,,48000,265,,48000,265,,48000,265,,2600,255,,,,,,,,
49000,4900,,49000,9800,,49000,270,,49000,270,,49000,270,,2650,260,,,,,,,,
50000,5000,,50000,10000,,50000,275,,50000,275,,50000,275,,2700,265,,,,,,,,
51000,5100,,51000,10200,,51000,280,,51000,280,,51000,280,,2750,270,,,,,,,,
52000,5200,,52000,10400,,52000,285,,52000,285,,52000,285,,2800,275,,,,,,,,
53000,5300,,53000,10600,,53000,290,,53000,290,,53000,290,,2850,280,,,,,,,,
54000,5400,,54000,10800,,54000,295,,54000,295,,54000,295,,2900,285,,,,,,,,
55000,5500,,55000,11000,,55000,300,,55000,300,,55000,300,,2950,290,,,,,,,,
56000,5600,,56000,11200,,56000,305,,56000,305,,56000,305,,3000,295,,,,,,,,
57000,5700,,57000,11400,,57000,310,,57000,310,,57000,310,,3050,300,,,,,,,,
58000,5800,,58000,11600,,58000,315,,58000,315,,58000,315,,3100,305,,,,,,,,
59000,5900,,59000,11800,,59000,320,,59000,320,,59000,320,,3150,310,,,,,,,,
60000,6000,,60000,12000,,60000,325,,60000,325,,60000,325,,3200,315,,,,,,,,
61000,6100,,61000,12200,,61000,330,,61000,330,,61000,330,,3250,320,,,,,,,,
62000,6200,,62000,12400,,62000,335,,62000,335,,62000,335,,3300,325,,,,,,,,
63000,6300,,63000,12600,,63000,340,,63000,340,,63000,340,,3350,330,,,,,,,,
64000,6400,,64000,12800,,64000,345,,64000,345,,64000,345,,3400,335,,,,,,,,
65000,6500,,65000,13000,,65000,350,,65000,350,,65000,350,,3450,340,,,,,,,,
66000,6600,,66000,13200,,66000,355,,66000,355,,66000,355,,3500,345,,,,,,,,
67000,6700,,67000,13400,,67000,360,,67000,360,,67000,360,,3550,350,,,,,,,,
68000,6800,,68000,13600,,68000,365,,68000,365,,68000,365,,3600,355,,,,,,,,
69000,6900,,69000,13800,,69000,370,,69000,370,,69000,370,,3650,360,,,,,,,,
70000,7000,,70000,14000,,70000,375,,70000,375,,70000,375,,3700,365,,,,,,,,
71000,7100,,71000,14200,,71000,380,,71000,380,,71000,380,,3750,370,,,,,,,,
72000,7200,,72000,14400,,72000,385,,72000,385,,72000,385,,3800,375,,,,,,,,
73000,7300,,73000,14600,,73000,390,,73000,390,,73000,390,,3850,380,,,,,,,,
74000,7400,,74000,14800,,74000,395,,74000,395,,74000,395,,3900,385,,,,,,,,
75000,7500,,75000,15000,,75000,400,,75000,400,,75000,400,,3950,390,,,,,,,,
76000,7600,,76000,15200,,76000,405,,76000,405,,76000,405,,4000,395,,,,,,,,
77000,7700,,77000,15400,,77000,410,,77000,410,,77000,410,,4050,400,,,,,,,,
78000,7800,,78000,15600,,78000,415,,78000,415,,78000,415,,4100,405,,,,,,,,
79000,7900,,79000,15800,,79000,420,,79000,420,,79000,420,,4150,410,,,,,,,,
80000,8000,,80000,16000,,80000,425,,80000,425,,80000,425,,4200,415,,,,,,,,
81000,8100,,81000,16200,,81000,430,,81000,430,,81000,430,,4250,420,,,,,,,,
82000,8200,,82000,16400,,82000,435,,82000,435,,82000,435,,4300,425,,,,,,,,
83000,8300,,83000,16600,,83000,440,,83000,440,,83000,440,,4350,430,,,,,,,,
84000,8400,,84000,16800,,84000,445,,84000,445,,84000,445,,4400,435,,,,,,,,
85000,8500,,85000,17000,,85000,450,,85000,450,,85000,450,,4450,440,,,,,,,,
86000,8600,,86000,17200,,86000,455,,86000,455,,86000,455,,4500,445,,,,,,,,
87000,8700,,87000,17400,,87000,460,,87000,460,,87000,460,,4550,450,,,,,,,,
88000,8800,,88000,17600,,88000,465,,88000,465,,88000,465,,4600,455,,,,,,,,
89000,8900,,89000,17800,,89000,470,,89000,470,,89000,470,,4650,460,,,,,,,,
90000,9000,,90000,18000,,90000,475,,90000,475,,90000,475,,4700,465,,,,,,,,
91000,9100,,91000,18200,,91000,480,,91000,480,,91000,480,,4750,470,,,,,,,,
92000,9200,,92000,18400,,92000,485,,92000,485,,92000,485,,4800,475,,,,,,,,
93000,9300,,93000,18600,,93000,490,,93000,490,,93000,490,,4850,480,,,,,,,,
94000,9400,,94000,18800,,94000,495,,94000,495,,94000,495,,4900,485,,,,,,,,
95000,9500,,95000,19000,,95000,500,,95000,500,,95000,500,,4950,490,,,,,,,,
96000,9600,,96000,19200,,96000,505,,96000,505,,96000,505,,5000,495,,,,,,,,
97000,9700,,97000,19400,,97000,510,,97000,510,,97000,510,,5050,500,,,,,,,,
98000,9800,,98000,19600,,98000,515,,98000,515,,98000,515,,5100,505,,,,,,,,
99000,9900,,99000,19800,,99000,520,,99000,520,,99000,520,,5150,510,,,,,,,,
100000,10000,,100000,20000,,100000,525,,100000,525,,100000,525,,5200,515,,,,,,,,
101000,10100,,101000,20200,,101000,530,,101000,530,,101000,530,,5250,520,,,,,,,,
102000,10200,,102000,20400,,102000,535,,102000,535,,102000,535,,5300,525,,,,,,,,
103000,10300,,103000,20600,,103000,540,,103000,540,,103000,540,,5350,530,,,,,,,,
104000,10400,,104000,20800,,104000,545,,104000,545,,104000,545,,5400,535,,,,,,,,
105000,10500,,105000,21000,,105000,550,,105000,550,,105000,550,,5450,540,,,,,,,,
106000,10600,,106000,21200,,106000,555,,106000,555,,106000,555,,5500,545,,,,,,,,
107000,10700,,107000,21400,,107000,560,,107000,560,,107000,560,,5550,550,,,,,,,,
108000,10800,,108000,21600,,108000,565,,108000,565,,108000,565,,5600,555,,,,,,,,
109000,10900,,109000,21800,,109000,570,,109000,570,,109000,570,,5650,560,,,,,,,,
110000,11000,,110000,22000,,110000,575,,110000,575,,110000,575,,5700,565,,,,,,,,
111000,11100,,111000,22200,,111000,580,,111000,580,,111000,580,,5750,570,,,,,,,,
112000,11200,,112000,22400,,112000,585,,112000,585,,112000,585,,5800,575,,,,,,,,
113000,11300,,113000,22600,,113000,590,,113000,590,,113000,590,,5850,580,,,,,,,,
114000,11400,,114000,22800,,114000,595,,114000,595,,114000,595,,5900,585,,,,,,,,
115000,11500,,115000,23000,,115000,600,,115000,600,,115000,600,,5950,590,,,,,,,,
116000,11600,,116000,23200,,116000,605,,116000,605,,116000,605,,6000,595,,,,,,,,
117000,11700,,117000,23400,,117000,610,,117000,610,,117000,610,,6050,600,,,,,,,,
118000,11800,,118000,23600,,118000,615,,118000,615,,118000,615,,6100,605,,,,,,,,
119000,11900,,119000,23800,,119000,620,,119000,620,,119000,620,,6150,610,,,,,,,,
120000,12000,,120000,24000,,120000,625,,120000,625,,120000,625,,6200,615,,,,,,,,
121000,12100,,121000,24200,,121000,630,,121000,630,,121000,630,,6250,620,,,,,,,,
122000,12200,,122000,24400,,122000,635,,122000,635,,122000,635,,6300,625,,,,,,,,
123000,12300,,123000,24600,,123000,640,,123000,640,,123000,640,,6350,630,,,,,,,,
124000,12400,,124000,24800,,124000,645,,124000,645,,124000,645,,6400,635,,,,,,,,
125000,12500,,125000,25000,,125000,650,,125000,650,,125000,650,,6450,640,,,,,,,,
126000,12600,,126000,25200,,126000,655,,126000,655,,126000,655,,6500,645,,,,,,,,
127000,12700,,127000,25400,,127000,660,,127000,660,,127000,660,,6550,650,,,,,,,,
128000,12800,,128000,25600,,128000,665,,128000,665,,128000,665,,6600,655,,,,,,,,
129000,12900,,129000,25800,,129000,670,,129000,670,,129000,670,,6650,660,,,,,,,,
130000,13000,,130000,26000,,130000,675,,130000,675,,130000,675,,6700,665,,,,,,,,
131000,13100,,131000,26200,,131000,680,,131000,680,,131000,680,,6750,670,,,,,,,,
132000,13200,,132000,26400,,132000,685,,132000,685,,132000,685,,6800,675,,,,,,,,
133000,13300,,133000,26600,,133000,690,,133000,690,,133000,690,,6850,680,,,,,,,,
134000,13400,,134000,26800,,134000,695,,134000,695,,134000,695,,6900,685,,,,,,,,
135000,13500,,135000,27000,,135000,700,,135000,700,,135000,700,,6950,690,,,,,,,,
136000,13600,,136000,27200,,136000,705,,136000,705,,136000,705,,7000,695,,,,,,,,
137000,13700,,137000,27400,,137000,710,,137000,710,,137000,710,,7050,700,,,,,,,,
138000,13800,,138000,27600,,138000,715,,138000,715,,138000,715,,7100,705,,,,,,,,
139000,13900,,139000,27800,,139000,720,,139000,720,,139000,720,,7150,710,,,,,,,,
140000,14000,,140000,28000,,140000,725,,140000,725,,140000,725,,7200,715,,,,,,,,
141000,14100,,141000,28200,,141000,730,,141000,730,,141000,730,,7250,720,,,,,,,,
142000,14200,,142000,28400,,142000,735,,142000,735,,142000,735,,7300,725,,,,,,,,
143000,14300,,143000,28600,,143000,740,,143000,740,,143000,740,,7350,730,,,,,,,,
144000,14400,,144000,28800,,144000,745,,144000,745,,144000,745,,7400,735,,,,,,,,
145000,14500,,145000,29000,,145000,750,,145000,750,,145000,750,,7450,740,,,,,,,,
146000,14600,,146000,29200,,146000,755,,146000,755,,146000,755,,7500,745,,,,,,,,
147000,14700,,147000,29400,,147000,760,,147000,760,,147000,760,,7550,750,,,,,,,,
148000,14800,,148000,29600,,148000,765,,148000,765,,148000,765,,7600,755,,,,,,,,
149000,14900,,149000,29800,,149000,770,,149000,770,,149000,770,,7650,760,,,,,,,,
150000,15000,,150000,30000,,150000,775,,150000,775,,150000,775,,7700,765,,,,,,,,
151000,15100,,151000,30200,,151000,780,,151000,780,,151000,780,,7750,770,,,,,,,,
152000,15200,,152000,30400,,152000,785,,152000,785,,152000,785,,7800,775,,,,,,,,
153000,15300,,153000,30600,,153000,790,,153000,790,,153000,790,,7850,780,,,,,,,,
154000,15400,,154000,30800,,154000,795,,154000,795,,154000,795,,7900,785,,,,,,,,
155000,15500,,155000,31000,,155000,800,,155000,800,,155000,800,,7950,790,,,,,,,,
156000,15600,,156000,31200,,156000,805,,156000,805,,156000,805,,8000,795,,,,,,,,
157000,15700,,157000,31400,,157000,810,,157000,810,,157000,810,,8050,800,,,,,,,,
158000,15800,,158000,31600,,158000,815,,158000,815,,158000,815,,8100,805,,,,,,,,
159000,15900,,159000,31800,,159000,820,,159000,820,,159000,820,,8150,810,,,,,,,,
160000,16000,,160000,32000,,160000,825,,160000,825,,160000,825,,8200,815,,,,,,,,
161000,16100,,161000,32200,,161000,830,,161000,830,,161000,830,,8250,820,,,,,,,,
162000,16200,,162000,32400,,162000,835,,162000,835,,162000,835,,8300,825,,,,,,,,
163000,16300,,163000,32600,,163000,840,,163000,840,,163000,840,,8350,830,,,,,,,,
164000,16400,,164000,32800,,164000,845,,164000,845,,164000,845,,8400,835,,,,,,,,
165000,16500,,165000,33000,,165000,850,,165000,850,,165000,850,,8450,840,,,,,,,,
166000,16600,,166000,33200,,166000,855,,166000,855,,166000,855,,8500,845,,,,,,,,
167000,16700,,167000,33400,,167000,860,,167000,860,,167000,860,,8550,850,,,,,,,,
168000,16800,,168000,33600,,168000,865,,168000,865,,168000,865,,8600,855,,,,,,,,
169000,16900,,169000,33800,,169000,870,,169000,870,,169000,870,,8650,860,,,,,,,,
170000,17000,,170000,34000,,170000,875,,170000,875,,170000,875,,8700,865,,,,,,,,
171000,17100,,171000,34200,,171000,880,,171000,880,,171000,880,,8750,870,,,,,,,,
172000,17200,,172000,34400,,172000,885,,172000,885,,172000,885,,8800,875,,,,,,,,
173000,17300,,173000,34600,,173000,890,,173000,890,,173000,890,,8850,880,,,,,,,,
174000,17400,,174000,34800,,174000,895,,174000,895,,174000,895,,8900,885,,,,,,,,
175000,17500,,175000,35000,,175000,900,,175000,900,,175000,900,,8950,890,,,,,,,,
176000,17600,,176000,35200,,176000,905,,176000,905,,176000,905,,9000,895,,,,,,,,
177000,17700,,177000,35400,,177000,910,,177000,910,,177000,910,,9050,900,,,,,,,,
178000,17800,,178000,35600,,178000,915,,178000,915,,178000,915,,9100,905,,,,,,,,
179000,17900,,179000,35800,,179000,920,,179000,920,,179000,920,,9150,910,,,,,,,,
180000,18000,,180000,36000,,180000,925,,180000,925,,180000,925,,9200,915,,,,,,,,
181000,18100,,181000,36200,,181000,930,,181000,930,,181000,930,,9250,920,,,,,,,,
182000,18200,,182000,36400,,182000,935,,182000,935,,182000,935,,9300,925,,,,,,,,
183000,18300,,183000,36600,,183000,940,,183000,940,,183000,940,,9350,930,,,,,,,,
184000,18400,,184000,36800,,184000,945,,184000,945,,184000,945,,9400,935,,,,,,,,
185000,18500,,185000,37000,,185000,950,,185000,950,,185000,950,,9450,940,,,,,,,,
186000,18600,,186000,37200,,186000,955,,186000,955,,186000,955,,9500,945,,,,,,,,
187000,18700,,187000,37400,,187000,960,,187000,960,,187000,960,,9550,950,,,,,,,,
188000,18800,,188000,37600,,188000,965,,188000,965,,188000,965,,9600,955,,,,,,,,
189000,18900,,189000,37800,,189000,970,,189000,970,,189000,970,,9650,960,,,,,,,,
190000,19000,,190000,38000,,190000,975,,190000,975,,190000,975,,9700,965,,,,,,,,
191000,19100,,191000,38200,,191000,980,,191000,980,,191000,980,,9750,970,,,,,,,,
192000,19200,,192000,38400,,192000,985,,192000,985,,192000,985,,9800,975,,,,,,,,
193000,19300,,193000,38600,,192001,,,192001,,,192001,,,9850,980,,,,,,,,
194000,19400,,194000,38800,,,,,,,,,,,9900,985,,,,,,,,
195000,19500,,195000,39000,,,,,,,,,,,9950,990,,,,,,,,
196000,19600,,196000,39200,,,,,,,,,,,10000,995,,,,,,,,
197000,19700,,197000,39400,,,,,,,,,,,10050,1000,,,,,,,,
198000,19800,,198000,39600,,,,,,,,,,,10100,1005,,,,,,,,
199000,19900,,199000,39800,,,,,,,,,,,10150,1010,,,,,,,,
200000,20000,,200000,40000,,,,,,,,,,,10200,1015,,,,,,,,
201000,20100,,201000,40200,,,,,,,,,,,10250,1020,,,,,,,,
202000,20200,,202000,40400,,,,,,,,,,,10300,1025,,,,,,,,
203000,20300,,203000,40600,,,,,,,,,,,10350,1030,,,,,,,,
204000,20400,,204000,40800,,,,,,,,,,,10400,1035,,,,,,,,
205000,20500,,205000,41000,,,,,,,,,,,10450,1040,,,,,,,,
206000,20600,,206000,41200,,,,,,,,,,,10500,1045,,,,,,,,
207000,20700,,207000,41400,,,,,,,,,,,10550,1050,,,,,,,,
208000,20800,,208000,41600,,,,,,,,,,,10600,1055,,,,,,,,
209000,20900,,209000,41800,,,,,,,,,,,10650,1060,,,,,,,,
210000,21000,,210000,42000,,,,,,,,,,,10700,1065,,,,,,,,
211000,21100,,211000,42200,,,,,,,,,,,10750,1070,,,,,,,,
212000,21200,,212000,42400,,,,,,,,,,,10800,1075,,,,,,,,
213000,21300,,213000,42600,,,,,,,,,,,10850,1080,,,,,,,,
214000,21400,,214000,42800,,,,,,,,,,,10900,1085,,,,,,,,
215000,21500,,215000,43000,,,,,,,,,,,10950,1090,,,,,,,,
216000,21600,,216000,43200,,,,,,,,,,,11000,1095,,,,,,,,
217000,21700,,217000,43400,,,,,,,,,,,11050,1100,,,,,,,,
218000,21800,,218000,43600,,,,,,,,,,,11100,1105,,,,,,,,
219000,21900,,219000,43800,,,,,,,,,,,11150,1110,,,,,,,,
220000,22000,,220000,44000,,,,,,,,,,,11200,1115,,,,,,,,
221000,22100,,221000,44200,,,,,,,,,,,11250,1120,,,,,,,,
222000,22200,,222000,44400,,,,,,,,,,,11300,1125,,,,,,,,
223000,22300,,223000,44600,,,,,,,,,,,11350,1130,,,,,,,,
224000,22400,,224000,44800,,,,,,,,,,,11400,1135,,,,,,,,
225000,22500,,225000,45000,,,,,,,,,,,11450,1140,,,,,,,,
226000,22600,,226000,45200,,,,,,,,,,,11500,1145,,,,,,,,
227000,22700,,227000,45400,,,,,,,,,,,11550,1150,,,,,,,,
228000,22800,,228000,45600,,,,,,,,,,,11600,1155,,,,,,,,
229000,22900,,229000,45800,,,,,,,,,,,11650,1160,,,,,,,,
230000,23000,,230000,46000,,,,,,,,,,,11700,1165,,,,,,,,
231000,23100,,231000,46200,,,,,,,,,,,11750,1170,,,,,,,,
232000,23200,,232000,46400,,,,,,,,,,,11800,1175,,,,,,,,
233000,23300,,233000,46600,,,,,,,,,,,11850,1180,,,,,,,,
234000,23400,,234000,46800,,,,,,,,,,,11900,1185,,,,,,,,
235000,23500,,235000,47000,,,,,,,,,,,11950,1190,,,,,,,,
236000,23600,,236000,47200,,,,,,,,,,,12000,1195,,,,,,,,
237000,23700,,237000,47400,,,,,,,,,,,12050,1200,,,,,,,,
238000,23800,,238000,47600,,,,,,,,,,,12100,1205,,,,,,,,
239000,23900,,239000,47800,,,,,,,,,,,12150,1210,,,,,,,,
240000,24000,,240000,48000,,,,,,,,,,,12200,1215,,,,,,,,
241000,24100,,241000,48200,,,,,,,,,,,12250,1220,,,,,,,,
242000,24200,,242000,48400,,,,,,,,,,,12300,1225,,,,,,,,
243000,24300,,243000,48600,,,,,,,,,,,12350,1230,,,,,,,,
244000,24400,,244000,48800,,,,,,,,,,,12400,1235,,,,,,,,
245000,24500,,245000,49000,,,,,,,,,,,12450,1240,,,,,,,,
246000,24600,,246000,49200,,,,,,,,,,,12500,1245,,,,,,,,
247000,24700,,247000,49400,,,,,,,,,,,12550,1250,,,,,,,,
248000,24800,,248000,49600,,,,,,,,,,,12600,1255,,,,,,,,
249000,24900,,249000,49800,,,,,,,,,,,12650,1260,,,,,,,,
250000,25000,,250000,50000,,,,,,,,,,,12700,1265,,,,,,,,
251000,25100,,251000,50200,,,,,,,,,,,12750,1270,,,,,,,,
252000,25200,,252000,50400,,,,,,,,,,,12800,1275,,,,,,,,
253000,25300,,253000,50600,,,,,,,,,,,12850,1280,,,,,,,,
254000,25400,,254000,50800,,,,,,,,,,,12900,1285,,,,,,,,
255000,25500,,255000,51000,,,,,,,,,,,12950,1290,,,,,,,,
256000,25600,,256000,51200,,,,,,,,,,,13000,1295,,,,,,,,
257000,25700,,257000,51400,,,,,,,,,,,13050,1300,,,,,,,,
258000,25800,,258000,51600,,,,,,,,,,,13100,1305,,,,,,,,
259000,25900,,259000,51800,,,,,,,,,,,13150,1310,,,,,,,,
260000,26000,,260000,52000,,,,,,,,,,,13200,1315,,,,,,,,
261000,26100,,261000,52200,,,,,,,,,,,13250,1320,,,,,,,,
262000,26200,,262000,52400,,,,,,,,,,,13300,1325,,,,,,,,
263000,26300,,263000,52600,,,,,,,,,,,13350,1330,,,,,,,,
264000,26400,,264000,52800,,,,,,,,,,,13400,1335,,,,,,,,
265000,26500,,265000,53000,,,,,,,,,,,13450,1340,,,,,,,,
266000,26600,,266000,53200,,,,,,,,,,,13500,1345,,,,,,,,
267000,26700,,267000,53400,,,,,,,,,,,13550,1350,,,,,,,,
268000,26800,,268000,53600,,,,,,,,,,,13600,1355,,,,,,,,
269000,26900,,269000,53800,,,,,,,,,,,13650,1360,,,,,,,,
270000,27000,,270000,54000,,,,,,,,,,,13700,1365,,,,,,,,
271000,27100,,271000,54200,,,,,,,,,,,13750,1370,,,,,,,,
272000,27200,,272000,54400,,,,,,,,,,,13800,1375,,,,,,,,
273000,27300,,273000,54600,,,,,,,,,,,13850,1380,,,,,,,,
274000,27400,,274000,54800,,,,,,,,,,,13900,1385,,,,,,,,
275000,27500,,275000,55000,,,,,,,,,,,13950,1390,,,,,,,,
276000,27600,,276000,55200,,,,,,,,,,,14000,1395,,,,,,,,
277000,27700,,277000,55400,,,,,,,,,,,14050,1400,,,,,,,,
278000,27800,,278000,55600,,,,,,,,,,,14100,1405,,,,,,,,
279000,27900,,279000,55800,,,,,,,,,,,14150,1410,,,,,,,,
280000,28000,,280000,56000,,,,,,,,,,,14200,1415,,,,,,,,
281000,28100,,281000,56200,,,,,,,,,,,14250,1420,,,,,,,,
282000,28200,,282000,56400,,,,,,,,,,,14300,1425,,,,,,,,
283000,28300,,283000,56600,,,,,,,,,,,14350,1430,,,,,,,,
284000,28400,,284000,56800,,,,,,,,,,,14400,1435,,,,,,,,
285000,28500,,285000,57000,,,,,,,,,,,14450,1440,,,,,,,,
286000,28600,,286000,57200,,,,,,,,,,,14500,1445,,,,,,,,
287000,28700,,287000,57400,,,,,,,,,,,14550,1450,,,,,,,,
288000,28800,,288000,57600,,,,,,,,,,,14600,1455,,,,,,,,
289000,28900,,289000,57800,,,,,,,,,,,14650,1460,,,,,,,,
290000,29000,,290000,58000,,,,,,,,,,,14700,1465,,,,,,,,
291000,29100,,291000,58200,,,,,,,,,,,14750,1470,,,,,,,,
292000,29200,,292000,58400,,,,,,,,,,,14800,1475,,,,,,,,
293000,29300,,293000,58600,,,,,,,,,,,14850,1480,,,,,,,,
294000,29400,,294000,58800,,,,,,,,,,,14900,1485,,,,,,,,
295000,29500,,295000,59000,,,,,,,,,,,14950,1490,,,,,,,,
296000,29600,,296000,59200,,,,,,,,,,,15000,1495,,,,,,,,
297000,29700,,297000,59400,,,,,,,,,,,15050,1500,,,,,,,,
298000,29800,,298000,59600,,,,,,,,,,,15100,1505,,,,,,,,
299000,29900,,299000,59800,,,,,,,,,,,15150,1510,,,,,,,,
300000,30000,,300000,60000,,,,,,,,,,,15200,1515,,,,,,,,
301000,30100,,301000,60200,,,,,,,,,,,15250,1520,,,,,,,,
302000,30200,,302000,60400,,,,,,,,,,,15300,1525,,,,,,,,
303000,30300,,303000,60600,,,,,,,,,,,15350,1530,,,,,,,,
304000,30400,,304000,60800,,,,,,,,,,,15400,1535,,,,,,,,
305000,30500,,305000,61000,,,,,,,,,,,15450,1540,,,,,,,,
306000,30600,,306000,61200,,,,,,,,,,,15500,1545,,,,,,,,
307000,30700,,307000,61400,,,,,,,,,,,15550,1550,,,,,,,,
308000,30800,,308000,61600,,,,,,,,,,,15600,1555,,,,,,,,
309000,30900,,309000,61800,,,,,,,,,,,15650,1560,,,,,,,,
310000,31000,,310000,62000,,,,,,,,,,,15700,1565,,,,,,,,
311000,31100,,311000,62200,,,,,,,,,,,15750,1570,,,,,,,,
312000,31200,,312000,62400,,,,,,,,,,,15800,1575,,,,,,,,
313000,31300,,313000,62600,,,,,,,,,,,15850,1580,,,,,,,,
314000,31400,,314000,62800,,,,,,,,,,,15900,1585,,,,,,,,
315000,31500,,315000,63000,,,,,,,,,,,15950,1590,,,,,,,,
316000,31600,,316000,63200,,,,,,,,,,,16000,1595,,,,,,,,
317000,31700,,317000,63400,,,,,,,,,,,16050,1600,,,,,,,,
318000,31800,,318000,63600,,,,,,,,,,,16100,1605,,,,,,,,
319000,31900,,319000,63800,,,,,,,,,,,16150,1610,,,,,,,,
320000,32000,,320000,64000,,,,,,,,,,,16200,1615,,,,,,,,
321000,32100,,321000,64200,,,,,,,,,,,16250,1620,,,,,,,,
322000,32200,,322000,64400,,,,,,,,,,,16300,1625,,,,,,,,
323000,32300,,323000,64600,,,,,,,,,,,16350,1630,,,,,,,,
324000,32400,,324000,64800,,,,,,,,,,,16400,1635,,,,,,,,
325000,32500,,325000,65000,,,,,,,,,,,16450,1640,,,,,,,,
326000,32600,,326000,65200,,,,,,,,,,,16500,1645,,,,,,,,
327000,32700,,327000,65400,,,,,,,,,,,16550,1650,,,,,,,,
328000,32800,,328000,65600,,,,,,,,,,,16600,1655,,,,,,,,
329000,32900,,329000,65800,,,,,,,,,,,16650,1660,,,,,,,,
330000,33000,,330000,66000,,,,,,,,,,,16700,1665,,,,,,,,
331000,33100,,331000,66200,,,,,,,,,,,16750,1670,,,,,,,,
332000,33200,,332000,66400,,,,,,,,,,,16800,1675,,,,,,,,
333000,33300,,333000,66600,,,,,,,,,,,16850,1680,,,,,,,,
334000,33400,,334000,66800,,,,,,,,,,,16900,1685,,,,,,,,
335000,33500,,335000,67000,,,,,,,,,,,16950,1690,,,,,,,,
336000,33600,,336000,67200,,,,,,,,,,,17000,1695,,,,,,,,
337000,33700,,337000,67400,,,,,,,,,,,17050,1700,,,,,,,,
338000,33800,,338000,67600,,,,,,,,,,,17100,1705,,,,,,,,
339000,33900,,339000,67800,,,,,,,,,,,17150,1710,,,,,,,,
340000,34000,,340000,68000,,,,,,,,,,,17200,1715,,,,,,,,
341000,34100,,341000,68200,,,,,,,,,,,17250,1720,,,,,,,,
342000,34200,,342000,68400,,,,,,,,,,,17300,1725,,,,,,,,
343000,34300,,343000,68600,,,,,,,,,,,17350,1730,,,,,,,,
344000,34400,,344000,68800,,,,,,,,,,,17400,1735,,,,,,,,
345000,34500,,345000,69000,,,,,,,,,,,17450,1740,,,,,,,,
346000,34600,,346000,69200,,,,,,,,,,,17500,1745,,,,,,,,
347000,34700,,347000,69400,,,,,,,,,,,17550,1750,,,,,,,,
348000,34800,,348000,69600,,,,,,,,,,,17600,1755,,,,,,,,
349000,34900,,349000,69800,,,,,,,,,,,17650,1760,,,,,,,,
350000,35000,,350000,70000,,,,,,,,,,,17700,1765,,,,,,,,
351000,35100,,351000,70200,,,,,,,,,,,17750,1770,,,,,,,,
352000,35200,,352000,70400,,,,,,,,,,,17800,1775,,,,,,,,
353000,35300,,353000,70600,,,,,,,,,,,17850,1780,,,,,,,,
354000,35400,,354000,70800,,,,,,,,,,,17900,1785,,,,,,,,
355000,35500,,355000,71000,,,,,,,,,,,17950,1790,,,,,,,,
356000,35600,,356000,71200,,,,,,,,,,,18000,1795,,,,,,,,
357000,35700,,357000,71400,,,,,,,,,,,18050,1800,,,,,,,,
358000,35800,,358000,71600,,,,,,,,,,,18100,1805,,,,,,,,
359000,35900,,359000,71800,,,,,,,,,,,18150,1810,,,,,,,,
360000,36000,,360000,72000,,,,,,,,,,,18200,1815,,,,,,,,
361000,36100,,361000,72200,,,,,,,,,,,18250,1820,,,,,,,,
362000,36200,,362000,72400,,,,,,,,,,,18300,1825,,,,,,,,
363000,36300,,363000,72600,,,,,,,,,,,18350,1830,,,,,,,,
364000,36400,,364000,72800,,,,,,,,,,,18400,1835,,,,,,,,
365000,36500,,365000,73000,,,,,,,,,,,18450,1840,,,,,,,,
366000,36600,,366000,73200,,,,,,,,,,,18500,1845,,,,,,,,
367000,36700,,367000,73400,,,,,,,,,,,18550,1850,,,,,,,,
368000,36800,,368000,73600,,,,,,,,,,,18600,1855,,,,,,,,
369000,36900,,369000,73800,,,,,,,,,,,18650,1860,,,,,,,,
370000,37000,,370000,74000,,,,,,,,,,,18700,1865,,,,,,,,
371000,37100,,371000,74200,,,,,,,,,,,18750,1870,,,,,,,,
372000,37200,,372000,74400,,,,,,,,,,,18800,1875,,,,,,,,
373000,37300,,373000,74600,,,,,,,,,,,18850,1880,,,,,,,,
374000,37400,,374000,74800,,,,,,,,,,,18900,1885,,,,,,,,
375000,37500,,375000,75000,,,,,,,,,,,18950,1890,,,,,,,,
376000,37600,,376000,75200,,,,,,,,,,,19000,1895,,,,,,,,
377000,37700,,377000,75400,,,,,,,,,,,19050,1900,,,,,,,,
378000,37800,,378000,75600,,,,,,,,,,,19100,1905,,,,,,,,
379000,37900,,379000,75800,,,,,,,,,,,19150,1910,,,,,,,,
380000,38000,,380000,76000,,,,,,,,,,,19200,1915,,,,,,,,
381000,38100,,381000,76200,,,,,,,,,,,19250,1920,,,,,,,,
382000,38200,,382000,76400,,,,,,,,,,,19300,1925,,,,,,,,
383000,38300,,383000,76600,,,,,,,,,,,19350,1930,,,,,,,,
384000,38400,,384000,76800,,,,,,,,,,,19400,1935,,,,,,,,
385000,38500,,385000,77000,,,,,,,,,,,19450,1940,,,,,,,,
386000,38600,,386000,77200,,,,,,,,,,,19500,1945,,,,,,,,
387000,38700,,387000,77400,,,,,,,,,,,19550,1950,,,,,,,,
388000,38800,,388000,77600,,,,,,,,,,,19600,1955,,,,,,,,
389000,38900,,389000,77800,,,,,,,,,,,19650,1960,,,,,,,,
390000,39000,,390000,78000,,,,,,,,,,,19700,1965,,,,,,,,
391000,39100,,391000,78200,,,,,,,,,,,19750,1970,,,,,,,,
,,,,,,,,,,,,,,,19800,1975,,,,,,,,
,,,,,,,,,,,,,,,19850,1980,,,,,,,,
,,,,,,,,,,,,,,,19900,1985,,,,,,,,
,,,,,,,,,,,,,,,19950,1990,,,,,,,,
,,,,,,,,,,,,,,,20000,1995,,,,,,,,
,,,,,,,,,,,,,,,30000,3000,,,,,,,,
,,,,,,,,,,,,,,,40000,4000,,,,,,,,
,,,,,,,,,,,,,,,50000,5000,,,,,,,,
,,,,,,,,,,,,,,,60000,6000,,,,,,,,
,,,,,,,,,,,,,,,70000,7000,,,,,,,,
,,,,,,,,,,,,,,,80000,8000,,,,,,,,
,,,,,,,,,,,,,,,90000,9000,,,,,,,,
,,,,,,,,,,,,,,,100000,10000,,,,,,,,
,,,,,,,,,,,,,,,110000,11000,,,,,,,,
,,,,,,,,,,,,,,,120000,12000,,,,,,,,
,,,,,,,,,,,,,,,130000,13000,,,,,,,,
,,,,,,,,,,,,,,,140000,14000,,,,,,,,
,,,,,,,,,,,,,,,150000,15000,,,,,,,,
,,,,,,,,,,,,,,,160000,16000,,,,,,,,
,,,,,,,,,,,,,,,170000,17000,,,,,,,,
,,,,,,,,,,,,,,,180000,18000,,,,,,,,
,,,,,,,,,,,,,,,190000,19000,,,,,,,,
,,,,,,,,,,,,,,,200000,20000,,,,,,,,
,,,,,,,,,,,,,,,210000,21000,,,,,,,,
,,,,,,,,,,,,,,,220000,22000,,,,,,,,
,,,,,,,,,,,,,,,230000,23000,,,,,,,,
,,,,,,,,,,,,,,,240000,24000,,,,,,,,
,,,,,,,,,,,,,,,250000,25000,,,,,,,,
,,,,,,,,,,,,,,,260000,26000,,,,,,,,
,,,,,,,,,,,,,,,270000,27000,,,,,,,,
,,,,,,,,,,,,,,,280000,28000,,,,,,,,
,,,,,,,,,,,,,,,290000,29000,,,,,,,,
,,,,,,,,,,,,,,,300000,30000,,,,,,,,
,,,,,,,,,,,,,,,310000,31000,,,,,,,,
,,,,,,,,,,,,,,,320000,32000,,,,,,,,
,,,,,,,,,,,,,,,330000,33000,,,,,,,,
,,,,,,,,,,,,,,,340000,34000,,,,,,,,
,,,,,,,,,,,,,,,350000,35000,,,,,,,,
,,,,,,,,,,,,,,,360000,36000,,,,,,,,
,,,,,,,,,,,,,,,370000,37000,,,,,,,,
,,,,,,,,,,,,,,,380000,38000,,,,,,,,
,,,,,,,,,,,,,,,390000,39000,,,,,,,,
,,,,,,,,,,,,,,,400000,40000,,,,,,,,
,,,,,,,,,,,,,,,410000,41000,,,,,,,,
,,,,,,,,,,,,,,,420000,42000,,,,,,,,
,,,,,,,,,,,,,,,430000,43000,,,,,,,,
,,,,,,,,,,,,,,,440000,44000,,,,,,,,
,,,,,,,,,,,,,,,450000,45000,,,,,,,,
,,,,,,,,,,,,,,,460000,46000,,,,,,,,
,,,,,,,,,,,,,,,470000,47000,,,,,,,,
,,,,,,,,,,,,,,,480000,48000,,,,,,,,
,,,,,,,,,,,,,,,490000,49000,,,,,,,,
,,,,,,,,,,,,,,,500000,50000,,,,,,,,
,,,,,,,,,,,,,,,510000,51000,,,,,,,,
,,,,,,,,,,,,,,,520000,52000,,,,,,,,
,,,,,,,,,,,,,,,530000,53000,,,,,,,,
,,,,,,,,,,,,,,,540000,54000,,,,,,,,
,,,,,,,,,,,,,,,550000,55000,,,,,,,,
,,,,,,,,,,,,,,,560000,56000,,,,,,,,
,,,,,,,,,,,,,,,570000,57000,,,,,,,,
,,,,,,,,,,,,,,,580000,58000,,,,,,,,
,,,,,,,,,,,,,,,590000,59000,,,,,,,,
,,,,,,,,,,,,,,,600000,60000,,,,,,,,
,,,,,,,,,,,,,,,610000,61000,,,,,,,,
,,,,,,,,,,,,,,,620000,62000,,,,,,,,
,,,,,,,,,,,,,,,630000,63000,,,,,,,,
,,,,,,,,,,,,,,,640000,64000,,,,,,,,
,,,,,,,,,,,,,,,650000,65000,,,,,,,,
,,,,,,,,,,,,,,,660000,66000,,,,,,,,
,,,,,,,,,,,,,,,670000,67000,,,,,,,,
,,,,,,,,,,,,,,,680000,68000,,,,,,,,
,,,,,,,,,,,,,,,690000,69000,,,,,,,,
,,,,,,,,,,,,,,,700000,70000,,,,,,,,
,,,,,,,,,,,,,,,710000,71000,,,,,,,,
,,,,,,,,,,,,,,,720000,72000,,,,,,,,
,,,,,,,,,,,,,,,730000,73000,,,,,,,,
,,,,,,,,,,,,,,,740000,74000,,,,,,,,
,,,,,,,,,,,,,,,750000,75000,,,,,,,,
,,,,,,,,,,,,,,,760000,76000,,,,,,,,
,,,,,,,,,,,,,,,770000,77000,,,,,,,,
,,,,,,,,,,,,,,,780000,78000,,,,,,,,
,,,,,,,,,,,,,,,790000,79000,,,,,,,,
,,,,,,,,,,,,,,,800000,80000,,,,,,,,
,,,,,,,,,,,,,,,810000,81000,,,,,,,,
,,,,,,,,,,,,,,,820000,82000,,,,,,,,
,,,,,,,,,,,,,,,830000,83000,,,,,,,,
,,,,,,,,,,,,,,,840000,84000,,,,,,,,
,,,,,,,,,,,,,,,850000,85000,,,,,,,,
,,,,,,,,,,,,,,,860000,86000,,,,,,,,
,,,,,,,,,,,,,,,870000,87000,,,,,,,,
,,,,,,,,,,,,,,,880000,88000,,,,,,,,
,,,,,,,,,,,,,,,890000,89000,,,,,,,,
,,,,,,,,,,,,,,,900000,90000,,,,,,,,
,,,,,,,,,,,,,,,910000,91000,,,,,,,,
,,,,,,,,,,,,,,,920000,92000,,,,,,,,
,,,,,,,,,,,,,,,930000,93000,,,,,,,,
,,,,,,,,,,,,,,,940000,94000,,,,,,,,
,,,,,,,,,,,,,,,950000,95000,,,,,,,,
,,,,,,,,,,,,,,,960000,96000,,,,,,,,
,,,,,,,,,,,,,,,970000,97000,,,,,,,,
,,,,,,,,,,,,,,,980000,98000,,,,,,,,
,,,,,,,,,,,,,,,990000,99000,,,,,,,,
,,,,,,,,,,,,,,,1000000,100000,,,,,,,,
,,,,,,,,,,,,,,,1010000,101000,,,,,,,,
,,,,,,,,,,,,,,,1020000,102000,,,,,,,,
,,,,,,,,,,,,,,,1030000,103000,,,,,,,,
,,,,,,,,,,,,,,,1040000,104000,,,,,,,,
,,,,,,,,,,,,,,,1050000,105000,,,,,,,,
,,,,,,,,,,,,,,,1060000,106000,,,,,,,,
,,,,,,,,,,,,,,,1070000,107000,,,,,,,,
,,,,,,,,,,,,,,,1080000,108000,,,,,,,,
,,,,,,,,,,,,,,,1090000,109000,,,,,,,,
,,,,,,,,,,,,,,,1100000,110000,,,,,,,,
,,,,,,,,,,,,,,,1110000,111000,,,,,,,,
,,,,,,,,,,,,,,,1120000,112000,,,,,,,,
,,,,,,,,,,,,,,,1130000,113000,,,,,,,,
,,,,,,,,,,,,,,,1140000,114000,,,,,,,,
,,,,,,,,,,,,,,,1150000,115000,,,,,,,,
,,,,,,,,,,,,,,,1160000,116000,,,,,,,,
,,,,,,,,,,,,,,,1170000,117000,,,,,,,,
,,,,,,,,,,,,,,,1180000,118000,,,,,,,,
,,,,,,,,,,,,,,,1190000,119000,,,,,,,,
,,,,,,,,,,,,,,,1200000,120000,,,,,,,,
,,,,,,,,,,,,,,,1210000,121000,,,,,,,,
,,,,,,,,,,,,,,,1220000,122000,,,,,,,,
,,,,,,,,,,,,,,,1230000,123000,,,,,,,,
,,,,,,,,,,,,,,,1240000,124000,,,,,,,,
,,,,,,,,,,,,,,,1250000,125000,,,,,,,,
,,,,,,,,,,,,,,,1260000,126000,,,,,,,,
,,,,,,,,,,,,,,,1270000,127000,,,,,,,,
,,,,,,,,,,,,,,,1280000,128000,,,,,,,,
,,,,,,,,,,,,,,,1290000,129000,,,,,,,,
,,,,,,,,,,,,,,,1300000,130000,,,,,,,,
,,,,,,,,,,,,,,,1310000,131000,,,,,,,,
,,,,,,,,,,,,,,,1320000,132000,,,,,,,,
,,,,,,,,,,,,,,,1330000,133000,,,,,,,,
,,,,,,,,,,,,,,,1340000,134000,,,,,,,,
,,,,,,,,,,,,,,,1350000,135000,,,,,,,,
,,,,,,,,,,,,,,,1360000,136000,,,,,,,,
,,,,,,,,,,,,,,,1370000,137000,,,,,,,,
,,,,,,,,,,,,,,,1380000,138000,,,,,,,,
,,,,,,,,,,,,,,,1390000,139000,,,,,,,,
,,,,,,,,,,,,,,,1400000,140000,,,,,,,,
,,,,,,,,,,,,,,,1410000,141000,,,,,,,,
,,,,,,,,,,,,,,,1420000,142000,,,,,,,,
,,,,,,,,,,,,,,,1430000,143000,,,,,,,,
,,,,,,,,,,,,,,,1440000,144000,,,,,,,,
,,,,,,,,,,,,,,,1450000,145000,,,,,,,,
,,,,,,,,,,,,,,,1460000,146000,,,,,,,,
,,,,,,,,,,,,,,,1470000,147000,,,,,,,,
,,,,,,,,,,,,,,,1480000,148000,,,,,,,,
,,,,,,,,,,,,,,,1490000,149000,,,,,,,,
,,,,,,,,,,,,,,,1500000,150000,,,,,,,,
,,,,,,,,,,,,,,,1510000,151000,,,,,,,,
,,,,,,,,,,,,,,,1520000,152000,,,,,,,,
,,,,,,,,,,,,,,,1530000,153000,,,,,,,,
,,,,,,,,,,,,,,,1540000,154000,,,,,,,,
,,,,,,,,,,,,,,,1550000,155000,,,,,,,,
,,,,,,,,,,,,,,,1560000,156000,,,,,,,,
,,,,,,,,,,,,,,,1570000,157000,,,,,,,,
,,,,,,,,,,,,,,,1580000,158000,,,,,,,,
,,,,,,,,,,,,,,,1590000,159000,,,,,,,,
,,,,,,,,,,,,,,,1600000,160000,,,,,,,,
,,,,,,,,,,,,,,,1610000,161000,,,,,,,,
,,,,,,,,,,,,,,,1620000,162000,,,,,,,,
,,,,,,,,,,,,,,,1630000,163000,,,,,,,,
,,,,,,,,,,,,,,,1640000,164000,,,,,,,,
,,,,,,,,,,,,,,,1650000,165000,,,,,,,,
,,,,,,,,,,,,,,,1660000,166000,,,,,,,,
,,,,,,,,,,,,,,,1670000,167000,,,,,,,,
,,,,,,,,,,,,,,,1680000,168000,,,,,,,,
,,,,,,,,,,,,,,,1690000,169000,,,,,,,,
,,,,,,,,,,,,,,,1700000,170000,,,,,,,,
,,,,,,,,,,,,,,,1710000,171000,,,,,,,,
,,,,,,,,,,,,,,,1720000,172000,,,,,,,,
,,,,,,,,,,,,,,,1730000,173000,,,,,,,,
,,,,,,,,,,,,,,,1740000,174000,,,,,,,,
,,,,,,,,,,,,,,,1750000,175000,,,,,,,,
,,,,,,,,,,,,,,,1760000,176000,,,,,,,,
,,,,,,,,,,,,,,,1770000,177000,,,,,,,,
,,,,,,,,,,,,,,,1780000,178000,,,,,,,,
,,,,,,,,,,,,,,,1790000,179000,,,,,,,,
,,,,,,,,,,,,,,,1800000,180000,,,,,,,,
,,,,,,,,,,,,,,,1810000,181000,,,,,,,,
,,,,,,,,,,,,,,,1820000,182000,,,,,,,,
,,,,,,,,,,,,,,,1830000,183000,,,,,,,,
,,,,,,,,,,,,,,,1840000,184000,,,,,,,,
,,,,,,,,,,,,,,,1850000,185000,,,,,,,,
,,,,,,,,,,,,,,,1860000,186000,,,,,,,,
,,,,,,,,,,,,,,,1870000,187000,,,,,,,,
,,,,,,,,,,,,,,,1880000,188000,,,,,,,,
,,,,,,,,,,,,,,,1890000,189000,,,,,,,,
,,,,,,,,,,,,,,,1900000,190000,,,,,,,,
,,,,,,,,,,,,,,,1910000,191000,,,,,,,,
,,,,,,,,,,,,,,,1920000,192000,,,,,,,,
,,,,,,,,,,,,,,,1930000,193000,,,,,,,,
,,,,,,,,,,,,,,,1940000,194000,,,,,,,,
,,,,,,,,,,,,,,,1950000,195000,,,,,,,,
,,,,,,,,,,,,,,,1960000,196000,,,,,,,,
,,,,,,,,,,,,,,,1970000,197000,,,,,,,,
,,,,,,,,,,,,,,,1980000,198000,,,,,,,,
,,,,,,,,,,,,,,,1990000,199000,,,,,,,,
,,,,,,,,,,,,,,,2000000,200000,,,,,,,,
,,,,,,,,,,,,,,,2010000,201000,,,,,,,,
,,,,,,,,,,,,,,,2020000,202000,,,,,,,,
,,,,,,,,,,,,,,,2030000,203000,,,,,,,,
,,,,,,,,,,,,,,,2040000,204000,,,,,,,,
,,,,,,,,,,,,,,,2050000,205000,,,,,,,,
,,,,,,,,,,,,,,,2060000,206000,,,,,,,,
,,,,,,,,,,,,,,,2070000,207000,,,,,,,,
,,,,,,,,,,,,,,,2080000,208000,,,,,,,,
,,,,,,,,,,,,,,,2090000,209000,,,,,,,,
,,,,,,,,,,,,,,,2100000,210000,,,,,,,,
,,,,,,,,,,,,,,,2110000,211000,,,,,,,,
,,,,,,,,,,,,,,,2120000,212000,,,,,,,,
,,,,,,,,,,,,,,,2130000,213000,,,,,,,,
,,,,,,,,,,,,,,,2140000,214000,,,,,,,,
,,,,,,,,,,,,,,,2150000,215000,,,,,,,,
,,,,,,,,,,,,,,,2160000,216000,,,,,,,,
,,,,,,,,,,,,,,,2170000,217000,,,,,,,,
,,,,,,,,,,,,,,,2180000,218000,,,,,,,,
,,,,,,,,,,,,,,,2190000,219000,,,,,,,,
,,,,,,,,,,,,,,,2200000,220000,,,,,,,,
,,,,,,,,,,,,,,,2210000,221000,,,,,,,,
,,,,,,,,,,,,,,,2220000,222000,,,,,,,,
,,,,,,,,,,,,,,,2230000,223000,,,,,,,,
,,,,,,,,,,,,,,,2240000,224000,,,,,,,,
,,,,,,,,,,,,,,,2250000,225000,,,,,,,,
,,,,,,,,,,,,,,,2260000,226000,,,,,,,,
,,,,,,,,,,,,,,,2270000,227000,,,,,,,,
,,,,,,,,,,,,,,,2280000,228000,,,,,,,,
,,,,,,,,,,,,,,,2290000,229000,,,,,,,,
,,,,,,,,,,,,,,,2300000,230000,,,,,,,,
,,,,,,,,,,,,,,,2310000,231000,,,,,,,,
,,,,,,,,,,,,,,,2320000,232000,,,,,,,,
,,,,,,,,,,,,,,,2330000,233000,,,,,,,,
,,,,,,,,,,,,,,,2340000,234000,,,,,,,,
,,,,,,,,,,,,,,,2350000,235000,,,,,,,,
,,,,,,,,,,,,,,,2360000,236000,,,,,,,,
,,,,,,,,,,,,,,,2370000,237000,,,,,,,,
,,,,,,,,,,,,,,,2380000,238000,,,,,,,,
,,,,,,,,,,,,,,,2390000,239000,,,,,,,,
,,,,,,,,,,,,,,,2400000,240000,,,,,,,,
,,,,,,,,,,,,,,,2410000,241000,,,,,,,,
,,,,,,,,,,,,,,,2420000,242000,,,,,,,,
,,,,,,,,,,,,,,,2430000,243000,,,,,,,,
,,,,,,,,,,,,,,,2440000,244000,,,,,,,,
,,,,,,,,,,,,,,,2450000,245000,,,,,,,,
,,,,,,,,,,,,,,,2460000,246000,,,,,,,,
,,,,,,,,,,,,,,,2470000,247000,,,,,,,,
,,,,,,,,,,,,,,,2480000,248000,,,,,,,,
,,,,,,,,,,,,,,,2490000,249000,,,,,,,,
,,,,,,,,,,,,,,,2500000,250000,,,,,,,,
,,,,,,,,,,,,,,,2510000,251000,,,,,,,,
,,,,,,,,,,,,,,,2520000,252000,,,,,,,,
,,,,,,,,,,,,,,,2530000,253000,,,,,,,,
,,,,,,,,,,,,,,,2540000,254000,,,,,,,,
,,,,,,,,,,,,,,,2550000,255000,,,,,,,,
,,,,,,,,,,,,,,,2560000,256000,,,,,,,,
,,,,,,,,,,,,,,,2570000,257000,,,,,,,,
,,,,,,,,,,,,,,,2580000,258000,,,,,,,,
,,,,,,,,,,,,,,,2590000,259000,,,,,,,,
,,,,,,,,,,,,,,,2600000,260000,,,,,,,,
,,,,,,,,,,,,,,,2610000,261000,,,,,,,,
,,,,,,,,,,,,,,,2620000,262000,,,,,,,,
,,,,,,,,,,,,,,,2630000,263000,,,,,,,,
,,,,,,,,,,,,,,,,,,,,,,,,
,,,,,,,,,,,,,,,,,,,,,,,,
,,,,,,,,,,,,,,,,,,,,,,,,
,,,,,,,,,,,,,,,,,,,,,,,,
,,,,,,,,,,,,,,,,,,,,,,,,
,,,,,,,,,,,,,,,,,,,,,,,,
,,,,,,,,,,,,,,,,,,,,,,,,
,,,,,,,,,,,,,,,,,,,,,,,,
,,,,,,,,,,,,,,,,,,,,,,,,